latency_us,ccdf
89,1.0
112,0.9861607399631888
115,0.9725129054986771
117,0.9590538004716439
118,0.945781627458875
119,0.9326918929023352
120,0.9197836980904176
121,0.9070552455999079
122,0.8945020418727712
122,0.8821222894857932
123,0.8699141910157598
123,0.85787505032785
124,0.8460021712872426
124,0.8342946551823306
125,0.8227480084550788
125,0.8113613323938802
126,0.8001328295755206
126,0.7890598038651788
126,0.778139559128034
127,0.767370297940872
127,0.7567502228804786
127,0.7462775365236397
128,0.7359495427355343
128,0.7257644440929483
128,0.7157195444610607
128,0.7058148438398711
129,0.6960467473829518
129,0.6864134576670884
129,0.6769140759806741
129,0.6675459061888875
130,0.6583071508685149
130,0.649196911307949
130,0.6402124913723686
130,0.6313520936385597
131,0.6226148193949155
131,0.6139979725066145
131,0.6055006542620499
131,0.5971210672380076
132,0.5888565152996663
132,0.5807069984470263
132,0.5726707192568734
132,0.5647449815943864
132,0.5569297854595652
133,0.5492215360059818
133,0.5416211319452433
133,0.5341249784309214
133,0.5267330754630162
133,0.5194436256183136
134,0.5122548314735995
134,0.5051657943172667
134,0.49817381801449445
134,0.4912798012768894
134,0.48448104796963076
135,0.4777757606695042
135,0.4711639393765098
135,0.46464288795582653
135,0.4582126064074543
135,0.451871297308179
136,0.4456171632347866
136,0.4394502041872771
136,0.4333686227424365
136,0.4273706214770505
136,0.4214562003911193
137,0.4156235620614287
137,0.4098718077763718
137,0.4041991401127344
137,0.39860555907051654
137,0.39308926722650406
138,0.387648467157483
138,0.38228405757506034
138,0.37699334234441506
138,0.37177632146554696
138,0.3666311975152422
138,0.36155707178189345
139,0.3565530455538939
139,0.3516182201196365
139,0.3467525954791212
139,0.34195347549752675
139,0.3372208601748533
139,0.33255385079949384
140,0.3279515486598412
140,0.3234130550442885
140,0.3189374712412286
140,0.31452299982744736
140,0.310170539514552
140,0.3058782928793282
141,0.301644462498562
141,0.29746994708386054
141,0.2933529492120097
141,0.28929346888300933
141,0.28528970867364545
141,0.28134166858391807
142,0.27744755119061315
142,0.2736082552053376
142,0.2698219832048775
142,0.26608693776601866
142,0.26240491631197516
142,0.2587732227079259
143,0.2551918569538709
143,0.25165992033820317
143,0.24817741286092254
143,0.2447425370988151
143,0.24135619176348788
143,0.23801568072011958
144,0.23472190268031745
144,0.23147306022086733
144,0.22827005205337625
144,0.22511018204302313
144,0.22199524761302192
144,0.21892255262855176
144,0.21589299580121935
145,0.21290477970781085
145,0.2099588030599333
145,0.20705326843437244
145,0.20418727711952145
145,0.20136172782698725
145,0.1985748231335558
145,0.19582656303922696
146,0.19311694754400088
146,0.1904441792246635
146,0.18780825808121482
146,0.1852091841136546
146,0.1826460586103762
146,0.1801179828597722
146,0.1776258555734499
147,0.17516698061658809
147,0.17274315541240082
147,0.17035258253767394
147,0.16799526199240766
147,0.16567029506499487
147,0.1633767830438284
147,0.16111652335212234
148,0.1588859211434488
148,0.1566876725526285
148,0.15451908144484072
148,0.15238014782008513
148,0.15027177038996897
148,0.1481921517312781
148,0.14614129184401248
149,0.144118292016565
149,0.14212405096054292
149,0.14015677125273207
149,0.13821735160473947
149,0.13630489330495799
149,0.1344184976417807
149,0.13255816461520764
150,0.13072299551363165
150,0.12891388904865986
150,0.12712994650868514
150,0.1253711678937076
150,0.123635755780513
150,0.12192460888070866
150,0.12023772719429426
151,0.11857331329805587
151,0.11693226590360062
151,0.11531368629932126
151,0.11371847319682504
151,0.11214393046129068
151,0.11059275422753945
151,0.10906224836075007
151,0.10755241286092254
152,0.10606414643966411
152,0.10459655038536753
152,0.10314872598642588
152,0.10172067324283907
152,0.10031329086621421
152,0.09892478143333716
152,0.09755604365581505
153,0.09620617882204074
153,0.09487428822040722
153,0.09356127056252161
153,0.09226622713677668
153,0.09099005665477966
153,0.08973006298170938
153,0.08848894225238702
154,0.08726399833199128
154,0.0860561299321293
154,0.08486533705280108
154,0.0836907209823996
154,0.08253228172092486
154,0.08139001926837686
154,0.08026393362475559
154,0.07915312607845393
155,0.07805759662947198
155,0.07697734527780975
155,0.07591237202346712
155,0.07486177815483719
155,0.07382556367191995
155,0.07280372857471529
155,0.07179627286322332
156,0.07080229782583691
156,0.06982270217416309
156,0.06885658719659493
156,0.06790395289313245
156,0.06696390055216839
156,0.06603732888531
156,0.06512333918095015
156,0.06422193143908894
157,0.06333310565972616
157,0.06245686184286203
157,0.061592301276889416
157,0.06074032267341534
157,0.05989912860922586
157,0.05907051650753481
157,0.05825268894512825
157,0.057446544633613206
158,0.056651184861382764
158,0.055867508340043726
158,0.05509461635798918
158,0.0543316102036121
158,0.05358028730012654
158,0.052838850224318445
158,0.05210729897618771
158,0.05138653226734158
159,0.05067475267456578
159,0.04997375762107448
159,0.04928174968365351
159,0.04859962757391001
159,0.04792739129184398
159,0.047264142125848396
159,0.04660988007592315
160,0.04596460514206835
160,0.04532921603589091
160,0.04470191533417689
160,0.044082703036926296
160,0.04347247785574604
160,0.04287123979063612
160,0.04227809012998962
160,0.04169302887380655
161,0.04111605602208679
161,0.04054717157483034
161,0.03998547682043019
161,0.03943187047049346
161,0.03888635252502015
161,0.038348024272403136
161,0.037817784424249434
161,0.03729473426895202
162,0.03677797509490399
162,0.036269304325319274
162,0.035766924536983824
162,0.03527263315311169
162,0.03478373403888191
162,0.03430292332911533
162,0.033828403600598134
163,0.033360174853330316
163,0.032898237087311655
163,0.03244259030254226
163,0.03199413321062927
163,0.031551068388358416
163,0.03111429454733694
163,0.030683811687564733
163,0.030259619809041793
164,0.0298408202001611
164,0.02942741286092254
164,0.029020296502933363
164,0.02861857241458643
164,0.028222240595881742
164,0.027832199758426324
164,0.02744665247900613
165,0.0270673961808352
165,0.026692633440699387
165,0.02632326297020593
165,0.025958386057747584
165,0.02559980012653862
165,0.025244809041757743
165,0.024896108938226136
165,0.02455100368112273
166,0.02421129069366157
166,0.023876071264235632
166,0.02354624410445183
166,0.02322001179109623
166,0.022899171747382985
166,0.02258192655009783
166,0.02226917491084779
167,0.02196091682963308
167,0.021657152306453487
167,0.021357881341309115
167,0.021062205222592945
167,0.020770123950304864
167,0.02048343494765903
167,0.020199442079834373
168,0.01991994277004483
168,0.019644038306683487
168,0.019372627401357367
168,0.01910481134245945
168,0.018839691418382598
168,0.01857906505234097
168,0.018322033532727433
169,0.018068596859542208
169,0.01781875503278496
169,0.017571609340849004
169,0.01732895720694816
169,0.01708900120786838
169,0.016852640055216805
169,0.016618975037386408
169,0.0163889048659841
170,0.016162429541009993
170,0.015938650350857064
170,0.015718466007132226
170,0.015500977798228455
170,0.015286185724145862
170,0.01507498849649147
170,0.014865588692051124
171,0.01466068244564589
171,0.014457573622454811
171,0.014257160934084911
171,0.014060343092143102
171,0.013865322673415337
171,0.013673897101115884
172,0.013484268952030365
172,0.013297336937766024
172,0.013113999769929774
172,0.01293246002530768
172,0.012753616415506763
172,0.012576570228919781
172,0.012402220177153978
173,0.012231464971816375
173,0.012061608478085795
173,0.011894448119176393
173,0.011729983895087948
173,0.011568215805820792
173,0.011408245139767681
173,0.011250071896928615
174,0.011094594788910617
174,0.010940915104106774
174,0.010789032842516977
174,0.010639846715748358
174,0.010492458012193673
174,0.010347765443460277
175,0.010203971586333793
175,0.010062873864028488
175,0.009923573564937338
175,0.009786969400667256
175,0.009651263948004196
175,0.009517355918555181
176,0.009386144023927345
176,0.009255830840906532
176,0.009128213792706785
176,0.009001495456114061
176,0.008876574542735494
176,0.008754349764178104
176,0.008633023697227626
177,0.008513495053491305
177,0.008395763832969028
177,0.008279830035660907
177,0.008164794949959697
177,0.008051557287472644
177,0.007940117048199746
178,0.007830474232140783
178,0.007722628839295975
178,0.00761568215805819
178,0.007509634188427428
178,0.0074062823536178435
179,0.007303829230415282
179,0.007202274818819743
179,0.007102517830438249
179,0.00700455826527091
179,0.006907497411710595
179,0.006812233981364324
180,0.006717869262625076
180,0.006624403255492961
180,0.00653273467157478
180,0.0064428635108708665
180,0.006353891061773864
181,0.006265817324283884
181,0.006178642298401038
181,0.006093264695732237
181,0.006008785804670458
181,0.005926104336822724
182,0.005844321580582124
182,0.005763437535948435
182,0.005683452202921879
182,0.005604365581502346
183,0.005527076383296858
183,0.005450685896698504
183,0.005375194121707172
183,0.005300601058322751
183,0.005227805418152487
184,0.005155009777982333
184,0.005084011561026114
184,0.005013013344069894
184,0.004943812550327831
185,0.00487551046819279
185,0.004808107097664771
185,0.004741602438743775
185,0.004675996491429912
186,0.004611289255722961
186,0.004547480731623144
186,0.0044845709191303484
187,0.004422559818244576
187,0.004361447428965826
187,0.004301233751294098
187,0.004241020073622481
188,0.0041826038191647985
188,0.004125086276314249
188,0.0040675687334637
189,0.004011848613827196
189,0.003956128494190692
189,0.003901307086161321
190,0.0038473843897388615
190,0.0037943604049235358
190,0.003741336420108099
191,0.003690109858506818
191,0.0036388832969055374
191,0.003588555446911279
192,0.0035382275969170207
192,0.0034896971701369184
193,0.003441166743356705
193,0.003393535028183625
194,0.003346802024617457
194,0.0033000690210513994
195,0.003255133440699387
195,0.0032101978603473746
196,0.0031652622799953622
196,0.0031212254112504834
197,0.003078087254112516
197,0.003035847808581571
198,0.002993608363050737
198,0.0029522676291269256
199,0.0029118256068100257
199,0.0028713835844932367
200,0.0028318402737834703
201,0.002792296963073704
202,0.00275365236397096
202,0.0027159064764753493
203,0.002678160588979628
204,0.00264131341309104
204,0.002604466237202341
205,0.0025685177729207753
206,0.002532569308639099
207,0.0024975195559645558
207,0.0024633685148970352
208,0.0024292174738295147
209,0.0023959651443690166
210,0.0023627128149085186
211,0.0023294604854480205
212,0.002297106867594656
214,0.002265651961348203
215,0.002234197055101861
216,0.0022036408604624302
218,0.0021730846658231107
219,0.00214252847118368
221,0.002112870988151383
223,0.0020841122167261084
224,0.0020553534453008337
226,0.002026594673875559
228,0.001998734614057307
231,0.001970874554239055
235,0.0019439132060278252
239,0.0019169518578165956
243,0.001889990509605477
251,0.0018639278730012698
261,0.0018387639480041962
275,0.001812701311399989
285,0.0017875373864028044
298,0.0017632721730127532
312,0.001739006959622702
340,0.0017147417462326509
369,0.0016904765328424887
381,0.00166711003105946
386,0.0016446422408834538
388,0.001621275739100425
390,0.0015997066605314414
392,0.0015772388703554352
393,0.0015556697917864515
394,0.0015341007132175788
395,0.001512531634648595
395,0.0014918612676866339
396,0.0014711909007246726
397,0.0014505205337628224
398,0.0014307488784078837
398,0.001410977223053056
398,0.0013912055676981172
399,0.001372332623950312
400,0.0013534596802025067
400,0.0013345867364545905
401,0.0013157137927067852
401,0.0012977395605660025
402,0.0012797653284252197
402,0.001261791096284326
403,0.0012447155757505657
403,0.0012276400552168054
404,0.0012105645346830451
404,0.0011934890141492849
404,0.001177312205222547
405,0.0011611353962959203
405,0.0011449585873691825
406,0.0011287817784424448
406,0.0011135036811227295
406,0.0010982255838030142
407,0.0010829474864834099
407,0.0010676693891636946
407,0.0010532900034510018
408,0.0010380119061313975
408,0.0010236325204187047
408,0.0010101518463131454
409,0.0009957724606004525
409,0.0009822917864948932
409,0.0009688111123893339
410,0.0009553304382836636
410,0.0009418497641781043
410,0.0009292678016795675
411,0.0009157871275738971
411,0.0009032051650753603
411,0.0008906232025768235
412,0.0008789399516853091
412,0.0008663579891866613
412,0.000854674738295147
413,0.0008429914874036326
413,0.0008313082365121183
413,0.0008196249856206039
414,0.0008079417347290896
414,0.0007971571954445977
414,0.0007854739445530834
415,0.0007746894052685915
415,0.0007639048659840997
415,0.0007540190383066303
416,0.0007432344990222495
416,0.0007333486713447801
416,0.0007225641320602882
417,0.0007126783043828189
417,0.0007027924767053495
417,0.0006929066490279912
418,0.0006839195329575443
418,0.0006740337052800749
418,0.000665046589209739
418,0.0006560594731392921
419,0.0006470723570689563
419,0.0006380852409985094
420,0.0006290981249280625
420,0.0006201110088577266
421,0.0006120226043943022
421,0.0006030354883239664
421,0.000594947083860542
422,0.0005868586793972286
422,0.0005787702749338042
422,0.0005706818704704908
423,0.0005625934660071774
424,0.000554505061543753
424,0.0005473153686874621
425,0.0005392269642240377
425,0.0005320372713677468
425,0.0005248475785114559
426,0.000517657885655165
426,0.0005104681927987631
426,0.0005032784999424722
427,0.0004960888070861813
427,0.0004897978258369129
428,0.000482608132980511
428,0.00047631715173124256
429,0.00046912745887495166
429,0.00046283647762568325
429,0.00045654549637641484
430,0.0004502545151271464
430,0.000443963533877878
430,0.0004376725526284986
431,0.0004322802829863637
431,0.00042598930173698424
432,0.0004196983204877158
433,0.0004143060508454699
433,0.0004080150695962015
434,0.00040262279995395556
435,0.00039723053031170963
435,0.0003918382606694637
436,0.00038644599102721777
437,0.00038105372138497184
438,0.00037566145174283694
439,0.000370269182100591
440,0.00036577562406536757
441,0.00036038335442312164
442,0.0003549910847808757
444,0.00035049752674565227
445,0.0003460039687104288
448,0.0003406116990681829
451,0.00033611814103307047
452,0.00033162458299784703
454,0.0003271310249626236
455,0.00032263746692740014
459,0.0003181439088921767
466,0.0003136503508570643
470,0.00030915679282184083
480,0.0003046632347866174
487,0.00030106838835841643
497,0.000296574830323304
504,0.00029208127228808056
510,0.0002884864258598796
519,0.00028399286782465616
528,0.0002803980213965662
535,0.00027680317496836526
542,0.0002732083285401643
562,0.0002687147705050519
588,0.0002651199240768509
599,0.00026152507764864996
636,0.00025793023122056
673,0.00025433538479235906
719,0.0002507405383641581
881,0.00024714569193606817
6137,0.0002444495571148897
6577,0.00024085471068679976
6712,0.0002372598642585988
6911,0.00023366501783039784
7000,0.00023096888300933038
7061,0.00022737403658112942
7189,0.00022467790176006197
7450,0.000221083055331861
7615,0.00021838692051079356
7643,0.00021569078568961508
7669,0.00021209593926152515
7748,0.00020939980444034667
7952,0.00020670366961927922
8020,0.00020400753479810074
8260,0.0002013113999770333
8503,0.00019771655354883233
8652,0.00019502041872776488
8790,0.0001923242839065864
8836,0.00018962814908551895
8911,0.00018783072587136296
9074,0.0001851345910502955
9109,0.00018243845622911703
9142,0.00017974232140804958
9283,0.0001770461865868711
9297,0.00017524876337282613
9389,0.00017255262855175868
9416,0.0001698564937305802
9436,0.00016805907051653524
9520,0.00016536293569535676
9607,0.0001626668008742893
9650,0.00016086937766013332
9675,0.00015817324283906586
9744,0.0001563758196250209
9756,0.0001545783964108649
9835,0.00015188226158979745
9909,0.00015008483837575248
9929,0.0001482874151615965
9959,0.00014559128034052904
10005,0.00014379385712637305
10043,0.00014199643391232808
10059,0.0001401990106982831
10134,0.00013840158748423814
10193,0.00013570545266305967
10199,0.0001339080294490147
10257,0.0001321106062348587
10312,0.00013031318302081374
10371,0.00012851575980676877
10412,0.00012671833659261278
10866,0.0001249209133785678
11558,0.00012312349016452284
12522,0.00012222477855750036
12689,0.00012042735534334437
14831,0.0001186299321292994
16622,0.00011683250891525443
17296,0.00011503508570109844
17765,0.00011323766248705347
17879,0.00011233895088003099
17883,0.00011054152766598602
17977,0.00010874410445183003
17994,0.00010784539284480754
18061,0.00010604796963076257
18100,0.00010425054641660658
18100,0.0001033518348095841
18125,0.00010155441159553913
18133,0.00010065569998851664
18190,9.885827677447168e-05
18198,9.795956516733817e-05
18242,9.61621419532932e-05
18245,9.526343034627072e-05
18331,9.346600713222575e-05
18333,9.256729552509224e-05
18376,9.076987231104727e-05
18430,8.987116070402479e-05
18435,8.89724490970023e-05
18457,8.717502588284631e-05
18459,8.627631427582383e-05
18482,8.447889106177886e-05
18500,8.358017945475638e-05
18500,8.268146784773389e-05
18507,8.178275624060038e-05
18521,7.998533302655542e-05
18530,7.908662141953293e-05
18537,7.818790981251045e-05
18541,7.728919820548796e-05
18542,7.639048659846548e-05
18565,7.459306338430949e-05
18566,7.3694351777287e-05
18569,7.279564017026452e-05
18569,7.189692856324204e-05
18581,7.099821695621955e-05
18583,7.009950534908604e-05
18591,6.920079374206356e-05
18599,6.830208213504108e-05
18607,6.740337052801859e-05
18608,6.650465892099611e-05
18608,6.560594731397362e-05
18611,6.470723570684012e-05
18612,6.380852409981763e-05
18613,6.290981249279515e-05
18619,6.201110088577266e-05
18626,6.111238927875018e-05
18629,6.0213677671727694e-05
18637,5.931496606470521e-05
18641,5.8416254457571704e-05
18643,5.751754285054922e-05
18645,5.6618831243526735e-05
18652,5.572011963650425e-05
18653,5.4821408029481766e-05
18664,5.392269642245928e-05
18667,5.3023984815325775e-05
18679,5.212527320830329e-05
18687,5.122656160128081e-05
18708,5.032784999425832e-05
18708,4.942913838723584e-05
18708,4.8530426780213354e-05
18713,4.763171517307985e-05
18721,4.673300356605736e-05
18731,4.583429195903488e-05
18742,4.4935580352012394e-05
18745,4.403686874498991e-05
18745,4.3138157137967426e-05
18752,4.223944553083392e-05
18773,4.1340733923811435e-05
18778,4.044202231678895e-05
18810,3.9543310709766466e-05
18812,3.864459910274398e-05
18813,3.77458874957215e-05
18817,3.684717588869901e-05
18820,3.5948464281565506e-05
18820,3.504975267454302e-05
18822,3.415104106752054e-05
18828,3.3252329460498053e-05
18840,3.235361785347557e-05
18871,3.1454906246453085e-05
18895,3.055619463931958e-05
18902,2.9657483032297094e-05
18926,2.875877142527461e-05
18938,2.7860059818252125e-05
18940,2.696134821122964e-05
18941,2.6062636604207157e-05
18941,2.516392499707365e-05
18943,2.4265213390051166e-05
18950,2.336650178302868e-05
18960,2.2467790176006197e-05
18962,2.1569078568983713e-05
18964,2.067036696196123e-05
18966,1.9771655354938744e-05
18986,1.8872943747805238e-05
18990,1.7974232140782753e-05
18998,1.707552053376027e-05
19029,1.6176808926737785e-05
19043,1.52780973197153e-05
19056,1.4379385712692816e-05
19059,1.348067410555931e-05
19066,1.2581962498536825e-05
19112,1.168325089151434e-05
19118,1.0784539284491856e-05
19124,9.885827677469372e-06
19124,8.987116070446888e-06
19133,8.088404463313381e-06
19142,7.189692856290897e-06
19151,6.2909812492684125e-06
19163,5.392269642245928e-06
19209,4.493558035223444e-06
19240,3.5948464282009596e-06
19341,2.696134821067453e-06
19347,1.7974232140449686e-06
